{
    "bda_optimization": {
        "best_fitness": 0.2693333175977071,
        "selected_features_vector": [
            1,
            1,
            0,
            0,
            1,
            1,
            0,
            0,
            0,
            1,
            1,
            0,
            1,
            1,
            1,
            1,
            1,
            0,
            1,
            0,
            1,
            0,
            1,
            1,
            0,
            0,
            0,
            0,
            1,
            1,
            1,
            0,
            0,
            0,
            1,
            1,
            1,
            0,
            0,
            0,
            1,
            0,
            0,
            1,
            1
        ],
        "num_selected_features": 24,
        "convergence_curve": [
            0.3573333123524984,
            0.3573333123524984,
            0.3573333123524984,
            0.35711109013027614,
            0.2693333175977071
        ]
    },
    "bpso_optimization": {
        "best_fitness": 0.33555553588602277,
        "selected_features_vector": [
            0,
            0,
            0,
            1,
            1,
            1,
            0,
            1,
            1,
            1,
            1,
            1,
            1,
            1,
            0,
            0,
            0,
            0,
            1,
            1,
            1,
            1,
            0,
            1,
            1,
            0,
            0,
            1,
            1,
            1,
            0,
            0,
            0,
            0,
            1,
            0,
            1,
            1,
            1,
            0,
            1,
            1,
            0,
            0,
            0
        ],
        "num_selected_features": 25,
        "convergence_curve": [
            0.35711109013027614,
            0.35711109013027614,
            0.3362222025526895,
            0.33555553588602277,
            0.33555553588602277
        ]
    },
    "bda_dnn_final_eval": {
        "accuracy": 0.6444444444444445,
        "classification_report": {
            "Normal (0)": {
                "precision": 0.7894736842105263,
                "recall": 1.0,
                "f1-score": 0.8823529411764706,
                "support": 15.0
            },
            "Interictal (1)": {
                "precision": 0.6666666666666666,
                "recall": 0.13333333333333333,
                "f1-score": 0.2222222222222222,
                "support": 15.0
            },
            "Ictal (2)": {
                "precision": 0.5217391304347826,
                "recall": 0.8,
                "f1-score": 0.631578947368421,
                "support": 15.0
            },
            "accuracy": 0.6444444444444445,
            "macro avg": {
                "precision": 0.6592931604373252,
                "recall": 0.6444444444444445,
                "f1-score": 0.5787180369223713,
                "support": 45.0
            },
            "weighted avg": {
                "precision": 0.6592931604373252,
                "recall": 0.6444444444444445,
                "f1-score": 0.5787180369223712,
                "support": 45.0
            }
        },
        "confusion_matrix": [
            [
                15,
                0,
                0
            ],
            [
                2,
                2,
                11
            ],
            [
                2,
                1,
                12
            ]
        ],
        "specificities": {
            "specificity_class_0": 0.8666666666666667,
            "specificity_class_1": 0.9666666666666667,
            "specificity_class_2": 0.6333333333333333
        },
        "num_selected_features": 24,
        "selected_feature_indices": [
            0,
            1,
            4,
            5,
            9,
            10,
            12,
            13,
            14,
            15,
            16,
            18,
            20,
            22,
            23,
            28,
            29,
            30,
            34,
            35,
            36,
            40,
            43,
            44
        ]
    },
    "bpso_dnn_final_eval": {
        "accuracy": 0.3333333333333333,
        "classification_report": {
            "Normal (0)": {
                "precision": 0.0,
                "recall": 0.0,
                "f1-score": 0.0,
                "support": 15.0
            },
            "Interictal (1)": {
                "precision": 0.0,
                "recall": 0.0,
                "f1-score": 0.0,
                "support": 15.0
            },
            "Ictal (2)": {
                "precision": 0.3333333333333333,
                "recall": 1.0,
                "f1-score": 0.5,
                "support": 15.0
            },
            "accuracy": 0.3333333333333333,
            "macro avg": {
                "precision": 0.1111111111111111,
                "recall": 0.3333333333333333,
                "f1-score": 0.16666666666666666,
                "support": 45.0
            },
            "weighted avg": {
                "precision": 0.1111111111111111,
                "recall": 0.3333333333333333,
                "f1-score": 0.16666666666666666,
                "support": 45.0
            }
        },
        "confusion_matrix": [
            [
                0,
                0,
                15
            ],
            [
                0,
                0,
                15
            ],
            [
                0,
                0,
                15
            ]
        ],
        "specificities": {
            "specificity_class_0": 1.0,
            "specificity_class_1": 1.0,
            "specificity_class_2": 0.0
        },
        "num_selected_features": 25,
        "selected_feature_indices": [
            3,
            4,
            5,
            7,
            8,
            9,
            10,
            11,
            12,
            13,
            18,
            19,
            20,
            21,
            23,
            24,
            27,
            28,
            29,
            34,
            36,
            37,
            38,
            40,
            41
        ]
    }
}