{
    "bda_optimization": {
        "best_fitness": 0.04822221959961785,
        "selected_features_vector": [
            0,
            1,
            0,
            1,
            1,
            0,
            1,
            0,
            1,
            0,
            0,
            1,
            0,
            0,
            0,
            0,
            0,
            0,
            0,
            0,
            0,
            1,
            0,
            1,
            1,
            1,
            1,
            0,
            1,
            0,
            1,
            1,
            1,
            0,
            1,
            0,
            1,
            0,
            0,
            0,
            0,
            1,
            0,
            0,
            1
        ],
        "num_selected_features": 19,
        "convergence_curve": [
            0.09333332808812458,
            0.09333332808812458,
            0.09333332808812458,
            0.09333332808812458,
            0.09333332808812458,
            0.04822221959961785,
            0.04822221959961785,
            0.04822221959961785,
            0.04822221959961785,
            0.04822221959961785,
            0.04822221959961785,
            0.04822221959961785,
            0.04822221959961785,
            0.04822221959961785,
            0.04822221959961785,
            0.04822221959961785,
            0.04822221959961785,
            0.04822221959961785,
            0.04822221959961785,
            0.04822221959961785
        ]
    },
    "bpso_optimization": {
        "best_fitness": 0.04933333071072896,
        "selected_features_vector": [
            0,
            0,
            1,
            0,
            1,
            1,
            0,
            1,
            1,
            0,
            0,
            0,
            0,
            0,
            0,
            0,
            0,
            0,
            0,
            1,
            0,
            1,
            1,
            1,
            1,
            1,
            1,
            1,
            0,
            1,
            1,
            1,
            0,
            1,
            1,
            0,
            1,
            0,
            0,
            0,
            1,
            1,
            1,
            1,
            1
        ],
        "num_selected_features": 24,
        "convergence_curve": [
            0.11599999344348907,
            0.07044444051053789,
            0.07044444051053789,
            0.07044444051053789,
            0.07044444051053789,
            0.07044444051053789,
            0.07044444051053789,
            0.07044444051053789,
            0.07044444051053789,
            0.07044444051053789,
            0.07044444051053789,
            0.07044444051053789,
            0.07044444051053789,
            0.07044444051053789,
            0.04933333071072896,
            0.04933333071072896,
            0.04933333071072896,
            0.04933333071072896,
            0.04933333071072896,
            0.04933333071072896
        ]
    },
    "bda_dnn_final_eval": {
        "accuracy": 0.8888888888888888,
        "classification_report": {
            "Normal (0)": {
                "precision": 0.9333333333333333,
                "recall": 0.9333333333333333,
                "f1-score": 0.9333333333333333,
                "support": 15.0
            },
            "Interictal (1)": {
                "precision": 0.7894736842105263,
                "recall": 1.0,
                "f1-score": 0.8823529411764706,
                "support": 15.0
            },
            "Ictal (2)": {
                "precision": 1.0,
                "recall": 0.7333333333333333,
                "f1-score": 0.8461538461538461,
                "support": 15.0
            },
            "accuracy": 0.8888888888888888,
            "macro avg": {
                "precision": 0.9076023391812865,
                "recall": 0.8888888888888888,
                "f1-score": 0.8872800402212166,
                "support": 45.0
            },
            "weighted avg": {
                "precision": 0.9076023391812866,
                "recall": 0.8888888888888888,
                "f1-score": 0.8872800402212166,
                "support": 45.0
            }
        },
        "confusion_matrix": [
            [
                14,
                1,
                0
            ],
            [
                0,
                15,
                0
            ],
            [
                1,
                3,
                11
            ]
        ],
        "specificities": {
            "specificity_Normal_0": 0.9666666666666667,
            "specificity_Interictal_1": 0.8666666666666667,
            "specificity_Ictal_2": 1.0
        },
        "num_selected_features": 19,
        "selected_feature_indices": [
            1,
            3,
            4,
            6,
            8,
            11,
            21,
            23,
            24,
            25,
            26,
            28,
            30,
            31,
            32,
            34,
            36,
            41,
            44
        ]
    },
    "bpso_dnn_final_eval": {
        "accuracy": 0.9333333333333333,
        "classification_report": {
            "Normal (0)": {
                "precision": 0.9375,
                "recall": 1.0,
                "f1-score": 0.967741935483871,
                "support": 15.0
            },
            "Interictal (1)": {
                "precision": 0.8823529411764706,
                "recall": 1.0,
                "f1-score": 0.9375,
                "support": 15.0
            },
            "Ictal (2)": {
                "precision": 1.0,
                "recall": 0.8,
                "f1-score": 0.8888888888888888,
                "support": 15.0
            },
            "accuracy": 0.9333333333333333,
            "macro avg": {
                "precision": 0.9399509803921569,
                "recall": 0.9333333333333332,
                "f1-score": 0.9313769414575866,
                "support": 45.0
            },
            "weighted avg": {
                "precision": 0.9399509803921569,
                "recall": 0.9333333333333333,
                "f1-score": 0.9313769414575865,
                "support": 45.0
            }
        },
        "confusion_matrix": [
            [
                15,
                0,
                0
            ],
            [
                0,
                15,
                0
            ],
            [
                1,
                2,
                12
            ]
        ],
        "specificities": {
            "specificity_Normal_0": 0.9666666666666667,
            "specificity_Interictal_1": 0.9333333333333333,
            "specificity_Ictal_2": 1.0
        },
        "num_selected_features": 24,
        "selected_feature_indices": [
            2,
            4,
            5,
            7,
            8,
            19,
            21,
            22,
            23,
            24,
            25,
            26,
            27,
            29,
            30,
            31,
            33,
            34,
            36,
            40,
            41,
            42,
            43,
            44
        ]
    }
}