{
    "bda_optimization": {
        "best_fitness": 0.22399998688697814,
        "selected_features_vector": [
            1,
            1,
            0,
            0,
            1,
            1,
            0,
            1,
            0,
            1,
            1,
            1,
            0,
            0,
            0,
            0,
            0,
            0,
            1,
            0,
            1,
            0,
            0,
            0,
            1,
            0,
            0,
            0,
            1,
            0,
            0,
            0,
            1,
            1,
            0,
            1,
            1,
            0,
            0,
            0,
            1,
            0,
            0,
            1,
            0
        ],
        "num_selected_features": 18,
        "convergence_curve": [
            0.3151110927528805,
            0.3131110927528805,
            0.3131110927528805,
            0.2691110953754849,
            0.2691110953754849,
            0.2691110953754849,
            0.2691110953754849,
            0.2691110953754849,
            0.22399998688697814,
            0.22399998688697814
        ]
    },
    "bpso_optimization": {
        "best_fitness": 0.24733331890900928,
        "selected_features_vector": [
            0,
            1,
            0,
            1,
            1,
            1,
            0,
            1,
            1,
            0,
            1,
            1,
            0,
            1,
            1,
            1,
            0,
            0,
            0,
            1,
            0,
            0,
            1,
            0,
            1,
            1,
            0,
            1,
            1,
            0,
            1,
            1,
            0,
            0,
            0,
            0,
            0,
            1,
            0,
            0,
            1,
            1,
            0,
            1,
            1
        ],
        "num_selected_features": 24,
        "convergence_curve": [
            0.29111109406418273,
            0.29111109406418273,
            0.29111109406418273,
            0.29111109406418273,
            0.29111109406418273,
            0.29111109406418273,
            0.24733331890900928,
            0.24733331890900928,
            0.24733331890900928,
            0.24733331890900928
        ]
    },
    "bda_dnn_final_eval": {
        "accuracy": 0.4,
        "classification_report": {
            "Normal (0)": {
                "precision": 0.38461538461538464,
                "recall": 1.0,
                "f1-score": 0.5555555555555556,
                "support": 15.0
            },
            "Interictal (1)": {
                "precision": 0.5,
                "recall": 0.2,
                "f1-score": 0.2857142857142857,
                "support": 15.0
            },
            "Ictal (2)": {
                "precision": 0.0,
                "recall": 0.0,
                "f1-score": 0.0,
                "support": 15.0
            },
            "accuracy": 0.4,
            "macro avg": {
                "precision": 0.2948717948717949,
                "recall": 0.39999999999999997,
                "f1-score": 0.2804232804232804,
                "support": 45.0
            },
            "weighted avg": {
                "precision": 0.2948717948717949,
                "recall": 0.4,
                "f1-score": 0.28042328042328046,
                "support": 45.0
            }
        },
        "confusion_matrix": [
            [
                15,
                0,
                0
            ],
            [
                12,
                3,
                0
            ],
            [
                12,
                3,
                0
            ]
        ],
        "specificities": {
            "specificity_Normal_0": 0.2,
            "specificity_Interictal_1": 0.9,
            "specificity_Ictal_2": 1.0
        },
        "num_selected_features": 18,
        "selected_feature_indices": [
            0,
            1,
            4,
            5,
            7,
            9,
            10,
            11,
            18,
            20,
            24,
            28,
            32,
            33,
            35,
            36,
            40,
            43
        ]
    },
    "bpso_dnn_final_eval": {
        "accuracy": 0.5555555555555556,
        "classification_report": {
            "Normal (0)": {
                "precision": 0.5,
                "recall": 1.0,
                "f1-score": 0.6666666666666666,
                "support": 15.0
            },
            "Interictal (1)": {
                "precision": 0.6666666666666666,
                "recall": 0.6666666666666666,
                "f1-score": 0.6666666666666666,
                "support": 15.0
            },
            "Ictal (2)": {
                "precision": 0.0,
                "recall": 0.0,
                "f1-score": 0.0,
                "support": 15.0
            },
            "accuracy": 0.5555555555555556,
            "macro avg": {
                "precision": 0.38888888888888884,
                "recall": 0.5555555555555555,
                "f1-score": 0.4444444444444444,
                "support": 45.0
            },
            "weighted avg": {
                "precision": 0.3888888888888889,
                "recall": 0.5555555555555556,
                "f1-score": 0.4444444444444444,
                "support": 45.0
            }
        },
        "confusion_matrix": [
            [
                15,
                0,
                0
            ],
            [
                5,
                10,
                0
            ],
            [
                10,
                5,
                0
            ]
        ],
        "specificities": {
            "specificity_Normal_0": 0.5,
            "specificity_Interictal_1": 0.8333333333333334,
            "specificity_Ictal_2": 1.0
        },
        "num_selected_features": 24,
        "selected_feature_indices": [
            1,
            3,
            4,
            5,
            7,
            8,
            10,
            11,
            13,
            14,
            15,
            19,
            22,
            24,
            25,
            27,
            28,
            30,
            31,
            37,
            40,
            41,
            43,
            44
        ]
    }
}