{
    "bda_optimization": {
        "best_fitness": 0.1362222143544091,
        "selected_features_vector": [
            0,
            0,
            0,
            0,
            1,
            1,
            0,
            1,
            1,
            0,
            0,
            1,
            0,
            0,
            0,
            0,
            0,
            1,
            0,
            0,
            1,
            0,
            1,
            1,
            0,
            1,
            1,
            1,
            0,
            1,
            0,
            0,
            1,
            1,
            0,
            0,
            1,
            1,
            1,
            0,
            1,
            0,
            0,
            0,
            0
        ],
        "num_selected_features": 19,
        "convergence_curve": [
            0.33399998033046724,
            0.33399998033046724,
            0.33399998033046724,
            0.33399998033046724,
            0.20222221042050254,
            0.20222221042050254,
            0.20222221042050254,
            0.20222221042050254,
            0.20222221042050254,
            0.20222221042050254,
            0.20222221042050254,
            0.20222221042050254,
            0.20222221042050254,
            0.20222221042050254,
            0.1579999908208847,
            0.1579999908208847,
            0.1579999908208847,
            0.1579999908208847,
            0.1579999908208847,
            0.1579999908208847,
            0.1579999908208847,
            0.1579999908208847,
            0.1579999908208847,
            0.1579999908208847,
            0.1362222143544091,
            0.1362222143544091,
            0.1362222143544091,
            0.1362222143544091,
            0.1362222143544091,
            0.1362222143544091,
            0.1362222143544091,
            0.1362222143544091,
            0.1362222143544091,
            0.1362222143544091,
            0.1362222143544091,
            0.1362222143544091,
            0.1362222143544091,
            0.1362222143544091,
            0.1362222143544091,
            0.1362222143544091,
            0.1362222143544091,
            0.1362222143544091,
            0.1362222143544091,
            0.1362222143544091,
            0.1362222143544091,
            0.1362222143544091,
            0.1362222143544091,
            0.1362222143544091,
            0.1362222143544091,
            0.1362222143544091
        ]
    },
    "bpso_optimization": {
        "best_fitness": 0.1362222143544091,
        "selected_features_vector": [
            0,
            1,
            0,
            0,
            1,
            1,
            0,
            1,
            1,
            0,
            1,
            1,
            0,
            0,
            1,
            0,
            0,
            1,
            1,
            0,
            1,
            0,
            1,
            0,
            0,
            0,
            0,
            0,
            0,
            0,
            0,
            0,
            0,
            1,
            1,
            1,
            1,
            1,
            0,
            0,
            0,
            0,
            1,
            0,
            1
        ],
        "num_selected_features": 19,
        "convergence_curve": [
            0.3128888705306583,
            0.3128888705306583,
            0.3128888705306583,
            0.2691110953754849,
            0.22599998688697814,
            0.22599998688697814,
            0.22511109799808926,
            0.22511109799808926,
            0.22511109799808926,
            0.1373333254655202,
            0.1373333254655202,
            0.1373333254655202,
            0.1373333254655202,
            0.1373333254655202,
            0.1373333254655202,
            0.1373333254655202,
            0.1373333254655202,
            0.1373333254655202,
            0.1373333254655202,
            0.1373333254655202,
            0.1373333254655202,
            0.1373333254655202,
            0.1373333254655202,
            0.1373333254655202,
            0.1373333254655202,
            0.1373333254655202,
            0.1362222143544091,
            0.1362222143544091,
            0.1362222143544091,
            0.1362222143544091,
            0.1362222143544091,
            0.1362222143544091,
            0.1362222143544091,
            0.1362222143544091,
            0.1362222143544091,
            0.1362222143544091,
            0.1362222143544091,
            0.1362222143544091,
            0.1362222143544091,
            0.1362222143544091,
            0.1362222143544091,
            0.1362222143544091,
            0.1362222143544091,
            0.1362222143544091,
            0.1362222143544091,
            0.1362222143544091,
            0.1362222143544091,
            0.1362222143544091,
            0.1362222143544091,
            0.1362222143544091
        ]
    },
    "bda_dnn_final_eval": {
        "accuracy": 0.5111111111111111,
        "classification_report": {
            "Normal (0)": {
                "precision": 0.45454545454545453,
                "recall": 1.0,
                "f1-score": 0.625,
                "support": 15.0
            },
            "Interictal (1)": {
                "precision": 0.5,
                "recall": 0.06666666666666667,
                "f1-score": 0.11764705882352941,
                "support": 15.0
            },
            "Ictal (2)": {
                "precision": 0.7,
                "recall": 0.4666666666666667,
                "f1-score": 0.56,
                "support": 15.0
            },
            "accuracy": 0.5111111111111111,
            "macro avg": {
                "precision": 0.5515151515151515,
                "recall": 0.5111111111111111,
                "f1-score": 0.43421568627450985,
                "support": 45.0
            },
            "weighted avg": {
                "precision": 0.5515151515151515,
                "recall": 0.5111111111111111,
                "f1-score": 0.4342156862745098,
                "support": 45.0
            }
        },
        "confusion_matrix": [
            [
                15,
                0,
                0
            ],
            [
                11,
                1,
                3
            ],
            [
                7,
                1,
                7
            ]
        ],
        "specificities": {
            "specificity_class_0": 0.4,
            "specificity_class_1": 0.9666666666666667,
            "specificity_class_2": 0.9
        },
        "num_selected_features": 19,
        "selected_feature_indices": [
            4,
            5,
            7,
            8,
            11,
            17,
            20,
            22,
            23,
            25,
            26,
            27,
            29,
            32,
            33,
            36,
            37,
            38,
            40
        ]
    },
    "bpso_dnn_final_eval": {
        "accuracy": 0.7777777777777778,
        "classification_report": {
            "Normal (0)": {
                "precision": 0.7142857142857143,
                "recall": 1.0,
                "f1-score": 0.8333333333333334,
                "support": 15.0
            },
            "Interictal (1)": {
                "precision": 0.75,
                "recall": 0.8,
                "f1-score": 0.7741935483870968,
                "support": 15.0
            },
            "Ictal (2)": {
                "precision": 1.0,
                "recall": 0.5333333333333333,
                "f1-score": 0.6956521739130435,
                "support": 15.0
            },
            "accuracy": 0.7777777777777778,
            "macro avg": {
                "precision": 0.8214285714285715,
                "recall": 0.7777777777777778,
                "f1-score": 0.7677263518778245,
                "support": 45.0
            },