{
    "bda_optimization": {
        "best_fitness": 0.1895685314685315,
        "selected_features_vector": [
            0,
            0,
            0,
            0,
            0,
            0,
            0,
            0,
            0,
            0,
            0,
            0,
            0,
            0,
            0,
            0,
            0,
            1,
            0,
            0,
            0,
            1,
            1,
            0,
            1,
            0,
            0,
            0,
            0,
            1,
            0,
            0,
            0,
            0,
            0,
            0,
            1,
            1,
            0,
            0,
            0,
            0,
            0,
            0,
            0,
            0,
            0,
            0,
            0,
            1,
            0,
            0,
            0,
            0,
            0,
            0,
            0,
            0,
            0,
            0,
            0,
            0,
            0,
            0,
            0,
            0,
            0,
            0,
            0,
            0,
            0,
            0,
            0,
            0,
            0,
            0,
            0,
            0,
            0,
            0,
            0,
            0,
            0,
            0,
            0,
            0,
            0,
            1,
            0,
            1,
            0,
            0,
            1,
            0,
            0,
            0,
            1,
            0,
            0,
            0,
            0,
            0,
            0,
            0,
            0,
            0,
            0,
            0,
            0,
            0,
            0,
            1,
            0,
            0,
            0,
            0,
            1,
            0,
            0,
            1,
            1,
            0,
            0,
            0,
            0,
            1,
            0,
            0,
            1,
            0,
            0,
            1,
            0,
            0,
            0,
            1,
            0,
            0,
            0,
            0,
            0,
            1,
            0
        ],
        "num_selected_features": 21,
        "convergence_curve": [
            0.21421021347073987,
            0.19922035333087962,
            0.19922035333087962,
            0.19922035333087962,
            0.19922035333087962,
            0.19922035333087962,
            0.1895685314685315,
            0.1895685314685315,
            0.1895685314685315,
            0.1895685314685315,
            0.1895685314685315,
            0.1895685314685315,
            0.1895685314685315,
            0.1895685314685315,
            0.1895685314685315,
            0.1895685314685315,
            0.1895685314685315,
            0.1895685314685315,
            0.1895685314685315,
            0.1895685314685315,
            0.1895685314685315,
            0.1895685314685315,
            0.1895685314685315,
            0.1895685314685315,
            0.1895685314685315,
            0.1895685314685315,
            0.1895685314685315,
            0.1895685314685315,
            0.1895685314685315,
            0.1895685314685315,
            0.1895685314685315,
            0.1895685314685315,
            0.1895685314685315,
            0.1895685314685315,
            0.1895685314685315,
            0.1895685314685315,
            0.1895685314685315,
            0.1895685314685315,
            0.1895685314685315,
            0.1895685314685315,
            0.1895685314685315,
            0.1895685314685315,
            0.1895685314685315,
            0.1895685314685315,
            0.1895685314685315,
            0.1895685314685315,
            0.1895685314685315,
            0.1895685314685315,
            0.1895685314685315,
            0.1895685314685315,
            0.1895685314685315,
            0.1895685314685315,
            0.1895685314685315,
            0.1895685314685315,
            0.1895685314685315,
            0.1895685314685315,
            0.1895685314685315,
            0.1895685314685315,
            0.1895685314685315,
            0.1895685314685315,
            0.1895685314685315,
            0.1895685314685315,
            0.1895685314685315,
            0.1895685314685315,
            0.1895685314685315,
            0.1895685314685315,
            0.1895685314685315,
            0.1895685314685315,
            0.1895685314685315,
            0.1895685314685315,
            0.1895685314685315,
            0.1895685314685315,
            0.1895685314685315,
            0.1895685314685315,
            0.1895685314685315,
            0.1895685314685315,
            0.1895685314685315,
            0.1895685314685315,
            0.1895685314685315,
            0.1895685314685315,
            0.1895685314685315,
            0.1895685314685315,
            0.1895685314685315,
            0.1895685314685315,
            0.1895685314685315,
            0.1895685314685315,
            0.1895685314685315,
            0.1895685314685315,
            0.1895685314685315,
            0.1895685314685315,
            0.1895685314685315,
            0.1895685314685315,
            0.1895685314685315,
            0.1895685314685315,
            0.1895685314685315,
            0.1895685314685315,
            0.1895685314685315,
            0.1895685314685315,
            0.1895685314685315,
            0.1895685314685315
        ]
    },
    "bpso_optimization": {
        "best_fitness": 0.19832629738682356,
        "selected_features_vector": [
            1,
            0,
            1,
            0,
            0,
            1,
            1,
            1,
            0,
            0,
            0,
            1,
            0,
            1,
            0,
            1,
            1,
            0,
            1,
            1,
            1,
            1,
            0,
            1,
            0,
            0,
            0,
            0,
            0,
            0,
            1,
            0,
            1,
            0,
            0,
            1,
            1,
            1,
            0,
            1,
            0,
            1,
            0,
            0,
            1,
            1,
            1,
            0,
            0,
            0,
            1,
            0,
            0,
            0,
            0,
            0,
            1,
            0,
            1,
            0,
            0,
            1,
            1,
            1,
            1,
            0,
            1,
            1,
            1,
            1,
            1,
            1,
            0,
            0,
            1,
            0,
            1,
            0,
            0,
            1,
            0,
            0,
            1,
            0,
            1,
            0,
            0,
            1,
            1,
            1,
            1,
            0,
            0,
            0,
            1,
            1,
            1,
            0,
            1,
            1,
            1,
            1,
            1,
            0,
            0,
            0,
            0,
            0,
            0,
            1,
            0,
            1,
            1,
            0,
            0,
            0,
            1,
            1,
            0,
            0,
            0,
            1,
            0,
            0,
            1,
            1,
            0,
            1,
            1,
            0,
            1,
            0,
            1,
            0,
            0,
            0,
            1,
            0,
            0,
            1,
            0,
            0,
            0
        ],
        "num_selected_features": 68,