{
    "bda_optimization": {
        "best_fitness": 0.2162573794626426,
        "selected_features_vector": [
            1,
            0,
            0,
            0,
            0,
            0,
            0,
            1,
            0,
            0,
            0,
            1,
            1,
            0,
            0,
            1,
            0,
            1,
            0,
            0,
            0,
            0,
            0,
            1,
            0,
            1,
            1,
            0,
            0,
            0,
            0,
            1,
            0,
            0,
            1,
            0,
            1,
            0,
            0,
            0,
            0,
            1,
            1,
            0,
            1,
            1,
            0,
            0,
            0,
            1,
            1,
            0,
            0,
            0,
            1,
            0,
            0,
            0,
            0,
            0,
            1,
            1,
            1,
            0,
            0,
            0,
            1,
            0,
            0,
            0,
            1,
            1,
            0,
            0,
            1,
            0,
            0,
            1,
            0,
            0,
            0,
            1,
            0,
            0,
            1,
            0,
            1,
            0,
            1,
            0,
            0,
            0,
            0,
            0,
            1,
            1,
            0,
            0,
            0,
            0,
            0,
            0,
            0,
            1,
            0,
            0,
            0,
            0,
            0,
            0,
            0,
            0,
            0,
            0,
            0,
            0,
            0,
            1,
            1,
            1,
            0,
            0,
            0,
            0,
            0,
            0,
            0,
            1,
            0,
            0,
            1,
            0,
            0,
            0,
            1,
            1,
            1,
            1,
            0,
            1,
            1,
            0,
            0
        ],
        "num_selected_features": 45,
        "convergence_curve": [
            0.2759234081707766,
            0.2703124953993375,
            0.2602918292234081,
            0.24593133971291864,
            0.24593133971291864,
            0.24575993743099,
            0.24575993743099,
            0.24575993743099,
            0.24575993743099,
            0.24575993743099,
            0.24575993743099,
            0.24575993743099,
            0.24575993743099,
            0.24575993743099,
            0.24575993743099,
            0.24575993743099,
            0.24575993743099,
            0.24575993743099,
            0.24575993743099,
            0.24575993743099,
            0.24575993743099,
            0.24575993743099,
            0.2162573794626426,
            0.2162573794626426,
            0.2162573794626426,
            0.2162573794626426,
            0.2162573794626426,
            0.2162573794626426,
            0.2162573794626426,
            0.2162573794626426,
            0.2162573794626426,
            0.2162573794626426,
            0.2162573794626426,
            0.2162573794626426,
            0.2162573794626426,
            0.2162573794626426,
            0.2162573794626426,
            0.2162573794626426,
            0.2162573794626426,
            0.2162573794626426,
            0.2162573794626426,
            0.2162573794626426,
            0.2162573794626426,
            0.2162573794626426,
            0.2162573794626426,
            0.2162573794626426,
            0.2162573794626426,
            0.2162573794626426,
            0.2162573794626426,
            0.2162573794626426,
            0.2162573794626426,
            0.2162573794626426,
            0.2162573794626426,
            0.2162573794626426,
            0.2162573794626426,
            0.2162573794626426,
            0.2162573794626426,
            0.2162573794626426,
            0.2162573794626426,
            0.2162573794626426,
            0.2162573794626426,
            0.2162573794626426,
            0.2162573794626426,
            0.2162573794626426,
            0.2162573794626426,
            0.2162573794626426,
            0.2162573794626426,
            0.2162573794626426,
            0.2162573794626426,
            0.2162573794626426,
            0.2162573794626426,
            0.2162573794626426,
            0.2162573794626426,
            0.2162573794626426,
            0.2162573794626426,
            0.2162573794626426,
            0.2162573794626426,
            0.2162573794626426,
            0.2162573794626426,
            0.2162573794626426,
            0.2162573794626426,
            0.2162573794626426,
            0.2162573794626426,
            0.2162573794626426,
            0.2162573794626426,
            0.2162573794626426,
            0.2162573794626426,
            0.2162573794626426,
            0.2162573794626426,
            0.2162573794626426,
            0.2162573794626426,
            0.2162573794626426,
            0.2162573794626426,
            0.2162573794626426,
            0.2162573794626426,
            0.2162573794626426,
            0.2162573794626426,
            0.2162573794626426,
            0.2162573794626426,
            0.2162573794626426
        ]
    },
    "bpso_optimization": {
        "best_fitness": 0.23178748619801254,
        "selected_features_vector": [
            1,
            0,
            0,
            1,
            0,
            1,
            1,
            1,
            1,
            0,
            1,
            1,
            0,
            1,
            0,
            0,
            1,
            0,
            0,
            1,
            0,
            1,
            1,
            0,
            1,
            1,
            1,
            0,
            0,
            0,
            0,
            1,
            0,
            0,
            1,
            0,
            0,
            0,
            1,
            1,
            0,
            0,
            0,
            0,
            1,
            1,
            0,
            1,
            1,
            0,
            0,
            0,
            0,
            0,
            0,
            0,
            0,
            1,
            1,
            0,
            1,
            0,
            1,
            0,
            0,
            0,
            1,
            0,
            0,
            0,
            0,
            0,
            1,
            1,
            0,
            0,
            1,
            1,
            0,
            0,
            1,
            1,
            0,
            0,
            0,
            0,
            0,
            0,
            0,
            0,
            0,
            0,
            0,
            1,
            0,
            0,
            0,
            1,
            0,
            0,
            0,
            0,
            0,
            0,
            0,
            1,
            1,
            0,
            0,
            0,
            1,
            0,
            0,
            1,
            0,
            0,
            1,
            0,
            0,
            1,
            0,
            1,
            0,
            0,
            1,
            1,
            0,
            1,
            0,
            0,
            0,
            1,
            0,
            1,
            0,
            0,
            0,
            1,
            0,
            0,
            0,
            0,
            1
        ],
        "num_selected_features": 51,