{
    "bda_optimization": {
        "best_fitness": 0.08555723224144293,
        "selected_features_vector": [
            1,
            0,
            1,
            0,
            1,
            0,
            1,
            0,
            1,
            1,
            0,
            0,
            0,
            0,
            0,
            0,
            0,
            0,
            0,
            0,
            0,
            0,
            0,
            0,
            0,
            0,
            0,
            0,
            0,
            0,
            0,
            0,
            0,
            0,
            0,
            0,
            0,
            0,
            0,
            0,
            0,
            0,
            0,
            0,
            0,
            0,
            0,
            0,
            0,
            0,
            0,
            0,
            0,
            0,
            0,
            0,
            0,
            0,
            0,
            0,
            0,
            0,
            0,
            0,
            0,
            0,
            0,
            0,
            1,
            0,
            0,
            0,
            0,
            0,
            1,
            0,
            0,
            0,
            1,
            0,
            0,
            0,
            1,
            0,
            1,
            0,
            0,
            0,
            0,
            0,
            0,
            0,
            0,
            0,
            0,
            0,
            0,
            0,
            0,
            0,
            0,
            0,
            1,
            0,
            0,
            0,
            0,
            0,
            0,
            0,
            0,
            0,
            0,
            0,
            0,
            0,
            0,
            0,
            0,
            1,
            0,
            0,
            0,
            0,
            0,
            0,
            0,
            0,
            0,
            0,
            0,
            0,
            0,
            0,
            0,
            1,
            1,
            0,
            1,
            0,
            0,
            0,
            0
        ],
        "num_selected_features": 16,
        "convergence_curve": [
            0.1779144276775856,
            0.1779144276775856,
            0.1395796834744204,
            0.1284817813765181,
            0.1284817813765181,
            0.124974052263526,
            0.11783511225616501,
            0.11783511225616501,
            0.10285793154214197,
            0.10285793154214197,
            0.10077125506072866,
            0.09742178873757819,
            0.09742178873757819,
            0.09742178873757819,
            0.09742178873757819,
            0.09455723224144275,
            0.09455723224144275,
            0.09455723224144275,
            0.09455723224144275,
            0.09455723224144275,
            0.09455723224144275,
            0.09455723224144275,
            0.09455723224144275,
            0.09455723224144275,
            0.09455723224144275,
            0.09455723224144275,
            0.09455723224144275,
            0.09315863084284136,
            0.09075653294074354,
            0.09075653294074354,
            0.09075653294074354,
            0.09075653294074354,
            0.09075653294074354,
            0.09051969083548028,
            0.09051969083548028,
            0.08982039013617957,
            0.08982039013617957,
            0.08982039013617957,
            0.08982039013617957,
            0.08625653294074365,
            0.08625653294074365,
            0.08625653294074365,
            0.08625653294074365,
            0.08625653294074365,
            0.08625653294074365,
            0.08625653294074365,
            0.08625653294074365,
            0.08625653294074365,
            0.08625653294074365,
            0.08625653294074365,
            0.08625653294074365,
            0.08625653294074365,
            0.08625653294074365,
            0.08625653294074365,
            0.08625653294074365,
            0.08555723224144293,
            0.08555723224144293,
            0.08555723224144293,
            0.08555723224144293,
            0.08555723224144293,
            0.08555723224144293,
            0.08555723224144293,
            0.08555723224144293,
            0.08555723224144293,
            0.08555723224144293,
            0.08555723224144293,
            0.08555723224144293,
            0.08555723224144293,
            0.08555723224144293,
            0.08555723224144293,
            0.08555723224144293,
            0.08555723224144293,
            0.08555723224144293,
            0.08555723224144293,
            0.08555723224144293,
            0.08555723224144293,
            0.08555723224144293,
            0.08555723224144293,
            0.08555723224144293,
            0.08555723224144293,
            0.08555723224144293,
            0.08555723224144293,
            0.08555723224144293,
            0.08555723224144293,
            0.08555723224144293,
            0.08555723224144293,
            0.08555723224144293,
            0.08555723224144293,
            0.08555723224144293,
            0.08555723224144293,
            0.08555723224144293,
            0.08555723224144293,
            0.08555723224144293,
            0.08555723224144293,
            0.08555723224144293,
            0.08555723224144293,
            0.08555723224144293,
            0.08555723224144293,
            0.08555723224144293,
            0.08555723224144293
        ]
    },
    "bda_dnn_final_eval": {
        "accuracy": 0.95,
        "classification_report": {
            "Normal (0)": {
                "precision": 0.9047619047619048,
                "recall": 0.95,
                "f1-score": 0.926829268292683,
                "support": 20.0
            },
            "Interictal (1)": {
                "precision": 1.0,
                "recall": 1.0,
                "f1-score": 1.0,
                "support": 20.0
            },
            "Ictal (2)": {
                "precision": 0.9473684210526315,
                "recall": 0.9,
                "f1-score": 0.9230769230769231,
                "support": 20.0
            },
            "accuracy": 0.95,
            "macro avg": {
                "precision": 0.9507101086048454,
                "recall": 0.9500000000000001,
                "f1-score": 0.9499687304565354,
                "support": 60.0
            },
            "weighted avg": {
                "precision": 0.9507101086048454,
                "recall": 0.95,
                "f1-score": 0.9499687304565353,
                "support": 60.0
            }
        },
        "confusion_matrix": [
            [
                19,
                0,
                1
            ],
            [
                0,
                20,
                0
            ],
            [
                2,
                0,
                18
            ]
        ],
        "specificities": {
            "specificity_Normal_0": 0.95,
            "specificity_Interictal_1": 1.0,
            "specificity_Ictal_2": 0.975
        },
        "num_selected_features": 16,
        "selected_feature_indices": [
            0,
            2,
            4,
            6,
            8,
            9,
            68,
            74,
            78,
            82,
            84,
            102,
            119,
            135,
            136,
            138
        ]
    }
}